{
  "version": "4.0.0",
  "flags": {},
  "shapes": [
    {
      "label": "track",
      "points": [
        [
          573.0,
          202.55555555555554
        ],
        [
          543.0,
          273.55555555555554
        ],
        [
          542.0,
          338.55555555555554
        ],
        [
          561.0,
          361.55555555555554
        ],
        [
          578.0,
          361.55555555555554
        ],
        [
          588.0,
          352.55555555555554
        ],
        [
          621.0,
          381.55555555555554
        ],
        [
          672.0,
          388.55555555555554
        ],
        [
          687.0,
          362.55555555555554
        ],
        [
          829.0,
          349.55555555555554
        ],
        [
          821.0,
          231.55555555555554
        ],
        [
          801.0,
          194.55555555555554
        ],
        [
          716.0,
          192.55555555555554
        ],
        [
          679.0,
          197.55555555555554
        ]
      ],
      "group_id": null,
      "shape_type": "polygon",
      "flags": {}
    },
    {
      "label": "track",
      "points": [
        [
          860.0,
          190.0
        ],
        [
          997.0,
          186.0
        ],
        [
          998.0,
          305.0
        ],
        [
          924.0,
          320.0
        ],
        [
          905.0,
          352.0
        ],
        [
          877.0,
          353.0
        ],
        [
          869.0,
          245.0
        ],
        [
          879.0,
          222.0
        ]
      ],
      "group_id": null,
      "shape_type": "polygon",
      "flags": {}
    },
    {
      "label": "car",
      "points": [
        [
          924.0,
          321.0
        ],
        [
          905.0,
          352.0
        ],
        [
          909.0,
          388.0
        ],
        [
          936.0,
          404.0
        ],
        [
          959.0,
          411.0
        ],
        [
          966.0,
          431.0
        ],
        [
          1000.0,
          432.0
        ],
        [
          1000.0,
          306.0
        ]
      ],
      "group_id": null,
      "shape_type": "polygon",
      "flags": {}
    }
  ],
  "imagePath": "00000103.jpg",
  "imageData": null,
  "imageHeight": 563,
  "imageWidth": 1000
}