{
  "version": "4.0.0",
  "flags": {},
  "shapes": [
    {
      "label": "track",
      "points": [
        [
          634.0,
          203.25925925925924
        ],
        [
          604.0,
          274.25925925925924
        ],
        [
          603.0,
          339.25925925925924
        ],
        [
          622.0,
          362.25925925925924
        ],
        [
          639.0,
          362.25925925925924
        ],
        [
          649.0,
          353.25925925925924
        ],
        [
          682.0,
          382.25925925925924
        ],
        [
          733.0,
          389.25925925925924
        ],
        [
          748.0,
          363.25925925925924
        ],
        [
          827.0,
          358.25925925925924
        ],
        [
          829.0,
          249.25925925925924
        ],
        [
          800.0,
          193.25925925925924
        ],
        [
          775.0,
          184.25925925925924
        ],
        [
          740.0,
          198.25925925925924
        ]
      ],
      "group_id": null,
      "shape_type": "polygon",
      "flags": {}
    },
    {
      "label": "track",
      "points": [
        [
          860.0,
          190.0
        ],
        [
          997.0,
          186.0
        ],
        [
          998.0,
          305.0
        ],
        [
          924.0,
          320.0
        ],
        [
          905.0,
          352.0
        ],
        [
          877.0,
          353.0
        ],
        [
          869.0,
          245.0
        ],
        [
          879.0,
          222.0
        ]
      ],
      "group_id": null,
      "shape_type": "polygon",
      "flags": {}
    },
    {
      "label": "car",
      "points": [
        [
          924.0,
          321.0
        ],
        [
          905.0,
          352.0
        ],
        [
          909.0,
          388.0
        ],
        [
          936.0,
          404.0
        ],
        [
          959.0,
          411.0
        ],
        [
          966.0,
          431.0
        ],
        [
          1000.0,
          432.0
        ],
        [
          1000.0,
          306.0
        ]
      ],
      "group_id": null,
      "shape_type": "polygon",
      "flags": {}
    }
  ],
  "imagePath": "00000100.jpg",
  "imageData": null,
  "imageHeight": 563,
  "imageWidth": 1000
}