{
  "version": "4.0.0",
  "flags": {},
  "shapes": [
    {
      "label": "track",
      "points": [
        [
          614.7407407407408,
          203.2592592592593
        ],
        [
          584.7407407407408,
          274.2592592592593
        ],
        [
          583.7407407407408,
          339.2592592592593
        ],
        [
          602.7407407407408,
          362.2592592592593
        ],
        [
          619.7407407407408,
          362.2592592592593
        ],
        [
          629.7407407407408,
          353.2592592592593
        ],
        [
          662.7407407407408,
          382.2592592592593
        ],
        [
          713.7407407407408,
          389.2592592592593
        ],
        [
          728.7407407407408,
          363.2592592592593
        ],
        [
          827.7407407407408,
          357.2592592592593
        ],
        [
          825.7407407407408,
          248.2592592592593
        ],
        [
          801.7407407407408,
          199.2592592592593
        ],
        [
          757.7407407407408,
          193.2592592592593
        ],
        [
          720.7407407407408,
          198.2592592592593
        ]
      ],
      "group_id": null,
      "shape_type": "polygon",
      "flags": {}
    },
    {
      "label": "track",
      "points": [
        [
          860.0,
          190.0
        ],
        [
          997.0,
          186.0
        ],
        [
          998.0,
          305.0
        ],
        [
          924.0,
          320.0
        ],
        [
          905.0,
          352.0
        ],
        [
          877.0,
          353.0
        ],
        [
          869.0,
          245.0
        ],
        [
          879.0,
          222.0
        ]
      ],
      "group_id": null,
      "shape_type": "polygon",
      "flags": {}
    },
    {
      "label": "car",
      "points": [
        [
          924.0,
          321.0
        ],
        [
          905.0,
          352.0
        ],
        [
          909.0,
          388.0
        ],
        [
          936.0,
          404.0
        ],
        [
          959.0,
          411.0
        ],
        [
          966.0,
          431.0
        ],
        [
          1000.0,
          432.0
        ],
        [
          1000.0,
          306.0
        ]
      ],
      "group_id": null,
      "shape_type": "polygon",
      "flags": {}
    }
  ],
  "imagePath": "00000101.jpg",
  "imageData": null,
  "imageHeight": 563,
  "imageWidth": 1000
}