{
  "version": "4.0.0",
  "flags": {},
  "shapes": [
    {
      "label": "track",
      "points": [
        [
          591.5185185185185,
          202.51851851851853
        ],
        [
          561.5185185185185,
          273.51851851851853
        ],
        [
          560.5185185185185,
          338.51851851851853
        ],
        [
          579.5185185185185,
          361.51851851851853
        ],
        [
          596.5185185185185,
          361.51851851851853
        ],
        [
          606.5185185185185,
          352.51851851851853
        ],
        [
          639.5185185185185,
          381.51851851851853
        ],
        [
          690.5185185185185,
          388.51851851851853
        ],
        [
          705.5185185185185,
          362.51851851851853
        ],
        [
          825.5185185185185,
          356.51851851851853
        ],
        [
          821.5185185185185,
          241.51851851851853
        ],
        [
          800.5185185185185,
          197.51851851851853
        ],
        [
          734.5185185185185,
          192.51851851851853
        ],
        [
          697.5185185185185,
          197.51851851851853
        ]
      ],
      "group_id": null,
      "shape_type": "polygon",
      "flags": {}
    },
    {
      "label": "track",
      "points": [
        [
          860.0,
          190.0
        ],
        [
          997.0,
          186.0
        ],
        [
          998.0,
          305.0
        ],
        [
          924.0,
          320.0
        ],
        [
          905.0,
          352.0
        ],
        [
          877.0,
          353.0
        ],
        [
          869.0,
          245.0
        ],
        [
          879.0,
          222.0
        ]
      ],
      "group_id": null,
      "shape_type": "polygon",
      "flags": {}
    },
    {
      "label": "car",
      "points": [
        [
          924.0,
          321.0
        ],
        [
          905.0,
          352.0
        ],
        [
          909.0,
          388.0
        ],
        [
          936.0,
          404.0
        ],
        [
          959.0,
          411.0
        ],
        [
          966.0,
          431.0
        ],
        [
          1000.0,
          432.0
        ],
        [
          1000.0,
          306.0
        ]
      ],
      "group_id": null,
      "shape_type": "polygon",
      "flags": {}
    }
  ],
  "imagePath": "00000102.jpg",
  "imageData": null,
  "imageHeight": 563,
  "imageWidth": 1000
}