{
  "version": "4.0.0",
  "flags": {},
  "shapes": [
    {
      "label": "track",
      "points": [
        [
          555.2592592592594,
          200.25925925925924
        ],
        [
          527.2592592592594,
          276.25925925925924
        ],
        [
          523.2592592592594,
          341.25925925925924
        ],
        [
          527.2592592592594,
          360.25925925925924
        ],
        [
          562.2592592592594,
          364.25925925925924
        ],
        [
          572.2592592592594,
          355.25925925925924
        ],
        [
          605.2592592592594,
          384.25925925925924
        ],
        [
          656.2592592592594,
          391.25925925925924
        ],
        [
          671.2592592592594,
          365.25925925925924
        ],
        [
          824.2592592592594,
          353.25925925925924
        ],
        [
          825.2592592592594,
          237.25925925925924
        ],
        [
          800.2592592592594,
          201.25925925925924
        ],
        [
          700.2592592592594,
          195.25925925925924
        ],
        [
          663.2592592592594,
          200.25925925925924
        ]
      ],
      "group_id": null,
      "shape_type": "polygon",
      "flags": {}
    },
    {
      "label": "track",
      "points": [
        [
          860.0,
          190.0
        ],
        [
          997.0,
          186.0
        ],
        [
          998.0,
          305.0
        ],
        [
          924.0,
          320.0
        ],
        [
          905.0,
          352.0
        ],
        [
          874.0,
          354.0
        ],
        [
          869.0,
          245.0
        ],
        [
          879.0,
          222.0
        ]
      ],
      "group_id": null,
      "shape_type": "polygon",
      "flags": {}
    },
    {
      "label": "car",
      "points": [
        [
          924.0,
          321.0
        ],
        [
          905.0,
          352.0
        ],
        [
          909.0,
          388.0
        ],
        [
          936.0,
          404.0
        ],
        [
          959.0,
          411.0
        ],
        [
          966.0,
          431.0
        ],
        [
          1000.0,
          432.0
        ],
        [
          1000.0,
          306.0
        ]
      ],
      "group_id": null,
      "shape_type": "polygon",
      "flags": {}
    }
  ],
  "imagePath": "00000104.jpg",
  "imageData": null,
  "imageHeight": 563,
  "imageWidth": 1000
}