{
  "version": "4.0.0",
  "flags": {},
  "shapes": [
    {
      "label": "bus",
      "points": [
        [
          260.936170212766,
          22.948445171849443
        ],
        [
          193.936170212766,
          19.948445171849443
        ],
        [
          124.93617021276599,
          39.94844517184944
        ],
        [
          89.93617021276599,
          101.94844517184944
        ],
        [
          81.93617021276599,
          150.94844517184944
        ],
        [
          108.93617021276599,
          145.94844517184944
        ],
        [
          88.93617021276599,
          244.94844517184944
        ],
        [
          89.93617021276599,
          322.94844517184936
        ],
        [
          116.93617021276599,
          367.94844517184936
        ],
        [
          158.936170212766,
          368.94844517184936
        ],
        [
          165.936170212766,
          337.94844517184936
        ],
        [
          347.936170212766,
          335.94844517184936
        ],
        [
          349.936170212766,
          369.94844517184936
        ],
        [
          391.936170212766,
          373.94844517184936
        ],
        [
          403.936170212766,
          335.94844517184936
        ],
        [
          425.936170212766,
          332.94844517184936
        ],
        [
          421.936170212766,
          281.94844517184936
        ],
        [
          428.936170212766,
          252.94844517184944
        ],
        [
          428.936170212766,
          236.94844517184944
        ],
        [
          409.936170212766,
          220.94844517184944
        ],
        [
          409.936170212766,
          150.94844517184944
        ],
        [
          430.936170212766,
          143.94844517184944
        ],
        [
          433.936170212766,
          112.94844517184944
        ],
        [
          431.936170212766,
          96.94844517184944
        ],
        [
          408.936170212766,
          90.94844517184944
        ],
        [
          395.936170212766,
          50.94844517184944
        ],
        [
          338.936170212766,
          25.948445171849443
        ]
      ],
      "group_id": null,
      "shape_type": "polygon",
      "flags": {}
    },
    {
      "label": "bus",
      "points": [
        [
          88.93617021276599,
          115.56382978723406
        ],
        [
          0.9361702127659877,
          96.56382978723406
        ],
        [
          0.0,
          251.968085106388
        ],
        [
          0.9361702127659877,
          265.56382978723406
        ],
        [
          27.936170212765987,
          265.56382978723406
        ],
        [
          29.936170212765987,
          283.56382978723406
        ],
        [
          63.93617021276599,
          281.56382978723406
        ],
        [
          89.93617021276599,
          252.56382978723406
        ],
        [
          100.93617021276599,
          183.56382978723406
        ],
        [
          108.93617021276599,
          145.56382978723406
        ],
        [
          81.93617021276599,
          151.56382978723406
        ]
      ],
      "group_id": null,
      "shape_type": "polygon",
      "flags": {}
    },
    {
      "label": "car",
      "points": [
        [
          413.936170212766,
          168.56382978723406
        ],
        [
          497.936170212766,
          168.56382978723406
        ],
        [
          497.936170212766,
          256.56382978723406
        ],
        [
          431.936170212766,
          258.56382978723406
        ],
        [
          430.936170212766,
          236.56382978723406
        ],
        [
          408.936170212766,
          218.56382978723406
        ]
      ],
      "group_id": null,
      "shape_type": "polygon",
      "flags": {}
    }
  ],
  "imagePath": "2011_000025.jpg",
  "imageData": null,
  "imageHeight": 375,
  "imageWidth": 500
}