{
  "version": "4.0.0",
  "flags": {},
  "shapes": [
    {
      "label": "rectangle",
      "points": [
        [
          32.0,
          35.0
        ],
        [
          132.0,
          135.0
        ]
      ],
      "group_id": null,
      "shape_type": "rectangle",
      "flags": {}
    },
    {
      "label": "circle",
      "points": [
        [
          195.0,
          84.0
        ],
        [
          225.0,
          125.0
        ]
      ],
      "group_id": null,
      "shape_type": "circle",
      "flags": {}
    },
    {
      "label": "rectangle",
      "points": [
        [
          391.0,
          33.0
        ],
        [
          542.0,
          135.0
        ]
      ],
      "group_id": null,
      "shape_type": "rectangle",
      "flags": {}
    },
    {
      "label": "polygon",
      "points": [
        [
          69.0,
          318.0
        ],
        [
          45.0,
          403.0
        ],
        [
          173.0,
          406.0
        ],
        [
          198.0,
          321.0
        ]
      ],
      "group_id": null,
      "shape_type": "polygon",
      "flags": {}
    },
    {
      "label": "line",
      "points": [
        [
          188.0,
          178.0
        ],
        [
          160.0,
          224.0
        ]
      ],
      "group_id": null,
      "shape_type": "line",
      "flags": {}
    },
    {
      "label": "point",
      "points": [
        [
          345.0,
          174.0
        ]
      ],
      "group_id": null,
      "shape_type": "point",
      "flags": {}
    },
    {
      "label": "line_strip",
      "points": [
        [
          440.53703703703707,
          181.46296296296293
        ],
        [
          402.53703703703707,
          274.46296296296293
        ],
        [
          544.5370370370371,
          275.46296296296293
        ]
      ],
      "group_id": null,
      "shape_type": "linestrip",
      "flags": {}
    }
  ],
  "imagePath": "primitives.jpg",
  "imageData": null,
  "imageHeight": 450,
  "imageWidth": 560
}