{
  "version": "4.0.0",
  "flags": {},
  "shapes": [
    {
      "label": "person",
      "points": [
        [
          91.0,
          107.0
        ],
        [
          240.0,
          330.0
        ]
      ],
      "group_id": null,
      "shape_type": "rectangle",
      "flags": {}
    },
    {
      "label": "person",
      "points": [
        [
          178.0,
          110.0
        ],
        [
          298.0,
          282.0
        ]
      ],
      "group_id": null,
      "shape_type": "rectangle",
      "flags": {}
    },
    {
      "label": "person",
      "points": [
        [
          254.38461538461536,
          115.38461538461539
        ],
        [
          369.38461538461536,
          292.38461538461536
        ]
      ],
      "group_id": null,
      "shape_type": "rectangle",
      "flags": {}
    },
    {
      "label": "person",
      "points": [
        [
          395.0,
          81.0
        ],
        [
          447.0,
          117.0
        ]
      ],
      "group_id": null,
      "shape_type": "rectangle",
      "flags": {}
    }
  ],
  "imagePath": "2011_000006.jpg",
  "imageData": null,
  "imageHeight": 375,
  "imageWidth": 500
}