{
  "version": "4.0.0",
  "flags": {},
  "shapes": [
    {
      "label": "bus",
      "points": [
        [
          84.0,
          20.384615384615387
        ],
        [
          435.0,
          373.38461538461536
        ]
      ],
      "group_id": null,
      "shape_type": "rectangle",
      "flags": {}
    },
    {
      "label": "bus",
      "points": [
        [
          1.0,
          99.0
        ],
        [
          107.0,
          282.0
        ]
      ],
      "group_id": null,
      "shape_type": "rectangle",
      "flags": {}
    },
    {
      "label": "car",
      "points": [
        [
          409.0,
          167.0
        ],
        [
          500.0,
          266.0
        ]
      ],
      "group_id": null,
      "shape_type": "rectangle",
      "flags": {}
    }
  ],
  "imagePath": "2011_000025.jpg",
  "imageData": null,
  "imageHeight": 375,
  "imageWidth": 500
}