{
  "version": "4.0.0",
  "flags": {},
  "shapes": [
    {
      "label": "bus",
      "points": [
        [
          260.936170212766,
          23.33306055646483
        ],
        [
          193.936170212766,
          20.33306055646483
        ],
        [
          124.93617021276599,
          40.33306055646483
        ],
        [
          89.93617021276599,
          102.33306055646483
        ],
        [
          81.93617021276599,
          151.33306055646483
        ],
        [
          108.93617021276599,
          146.33306055646483
        ],
        [
          88.93617021276599,
          245.33306055646483
        ],
        [
          89.93617021276599,
          323.33306055646483
        ],
        [
          116.93617021276599,
          368.33306055646483
        ],
        [
          158.936170212766,
          369.33306055646483
        ],
        [
          165.936170212766,
          338.33306055646483
        ],
        [
          347.936170212766,
          336.33306055646483
        ],
        [
          349.936170212766,
          370.33306055646483
        ],
        [
          391.936170212766,
          374.33306055646483
        ],
        [
          403.936170212766,
          336.33306055646483
        ],
        [
          425.936170212766,
          333.33306055646483
        ],
        [
          421.936170212766,
          282.33306055646483
        ],
        [
          428.936170212766,
          253.33306055646483
        ],
        [
          428.936170212766,
          237.33306055646483
        ],
        [
          409.936170212766,
          221.33306055646483
        ],
        [
          409.936170212766,
          151.33306055646483
        ],
        [
          430.936170212766,
          144.33306055646483
        ],
        [
          433.936170212766,
          113.33306055646483
        ],
        [
          431.936170212766,
          97.33306055646483
        ],
        [
          408.936170212766,
          91.33306055646483
        ],
        [
          395.936170212766,
          51.33306055646483
        ],
        [
          338.936170212766,
          26.33306055646483
        ]
      ],
      "group_id": null,
      "shape_type": "polygon",
      "flags": {}
    },
    {
      "label": "bus",
      "points": [
        [
          88.93617021276599,
          115.56382978723406
        ],
        [
          0.9361702127659877,
          96.56382978723406
        ],
        [
          0.0,
          251.968085106388
        ],
        [
          0.9361702127659877,
          265.56382978723406
        ],
        [
          27.936170212765987,
          265.56382978723406
        ],
        [
          29.936170212765987,
          283.56382978723406
        ],
        [
          63.93617021276599,
          281.56382978723406
        ],
        [
          89.93617021276599,
          252.56382978723406
        ],
        [
          100.93617021276599,
          183.56382978723406
        ],
        [
          108.93617021276599,
          145.56382978723406
        ],
        [
          81.93617021276599,
          151.56382978723406
        ]
      ],
      "group_id": null,
      "shape_type": "polygon",
      "flags": {}
    },
    {
      "label": "car",
      "points": [
        [
          413.936170212766,
          168.94844517184944
        ],
        [
          497.936170212766,
          168.94844517184944
        ],
        [
          497.936170212766,
          256.94844517184936
        ],
        [
          431.936170212766,
          258.94844517184936
        ],
        [
          430.936170212766,
          236.94844517184944
        ],
        [
          408.936170212766,
          218.94844517184944
        ]
      ],
      "group_id": null,
      "shape_type": "polygon",
      "flags": {}
    }
  ],
  "imagePath": "2011_000025.jpg",
  "imageData": null,
  "imageHeight": 375,
  "imageWidth": 500
}