<annotation>
  <folder/>
  <filename>2011_000006.jpg</filename>
  <database/>
  <annotation/>
  <image/>
  <size>
    <height>375</height>
    <width>500</width>
    <depth>3</depth>
  </size>
  <segmented/>
  <object>
    <name>person</name>
    <pose/>
    <truncated/>
    <difficult/>
    <bndbox>
      <xmin>91.0</xmin>
      <ymin>107.0</ymin>
      <xmax>240.0</xmax>
      <ymax>330.0</ymax>
    </bndbox>
  </object>
  <object>
    <name>person</name>
    <pose/>
    <truncated/>
    <difficult/>
    <bndbox>
      <xmin>178.0</xmin>
      <ymin>110.0</ymin>
      <xmax>298.0</xmax>
      <ymax>282.0</ymax>
    </bndbox>
  </object>
  <object>
    <name>person</name>
    <pose/>
    <truncated/>
    <difficult/>
    <bndbox>
      <xmin>254.38461538461536</xmin>
      <ymin>115.38461538461539</ymin>
      <xmax>369.38461538461536</xmax>
      <ymax>292.38461538461536</ymax>
    </bndbox>
  </object>
  <object>
    <name>person</name>
    <pose/>
    <truncated/>
    <difficult/>
    <bndbox>
      <xmin>395.0</xmin>
      <ymin>81.0</ymin>
      <xmax>447.0</xmax>
      <ymax>117.0</ymax>
    </bndbox>
  </object>
</annotation>
