<annotation>
  <folder/>
  <filename>2011_000025.jpg</filename>
  <database/>
  <annotation/>
  <image/>
  <size>
    <height>375</height>
    <width>500</width>
    <depth>3</depth>
  </size>
  <segmented/>
  <object>
    <name>bus</name>
    <pose/>
    <truncated/>
    <difficult/>
    <bndbox>
      <xmin>84.0</xmin>
      <ymin>20.384615384615387</ymin>
      <xmax>435.0</xmax>
      <ymax>373.38461538461536</ymax>
    </bndbox>
  </object>
  <object>
    <name>bus</name>
    <pose/>
    <truncated/>
    <difficult/>
    <bndbox>
      <xmin>1.0</xmin>
      <ymin>99.0</ymin>
      <xmax>107.0</xmax>
      <ymax>282.0</ymax>
    </bndbox>
  </object>
  <object>
    <name>car</name>
    <pose/>
    <truncated/>
    <difficult/>
    <bndbox>
      <xmin>409.0</xmin>
      <ymin>167.0</ymin>
      <xmax>500.0</xmax>
      <ymax>266.0</ymax>
    </bndbox>
  </object>
</annotation>
