<annotation>
  <folder/>
  <filename>2011_000003.jpg</filename>
  <database/>
  <annotation/>
  <image/>
  <size>
    <height>338</height>
    <width>500</width>
    <depth>3</depth>
  </size>
  <segmented/>
  <object>
    <name>person</name>
    <pose/>
    <truncated/>
    <difficult/>
    <bndbox>
      <xmin>191.0</xmin>
      <ymin>107.36900369003689</ymin>
      <xmax>313.0</xmax>
      <ymax>329.36900369003695</ymax>
    </bndbox>
  </object>
  <object>
    <name>person</name>
    <pose/>
    <truncated/>
    <difficult/>
    <bndbox>
      <xmin>365.0</xmin>
      <ymin>83.0</ymin>
      <xmax>500.0</xmax>
      <ymax>333.0</ymax>
    </bndbox>
  </object>
</annotation>
